[
  {
    "person_id": 1,
    "filename": "ремонты.mp4",
    "video_link": "s3://MyDrive/Hackatons/ai_mirea/ремонты.mp4",
    "video_id": "video_01",
    "start_sec": 9.0,
    "end_sec": 49.0,
    "start_dt": "2022-03-20 04:37:13",
    "end_dt": "2022-03-20 04:37:53",
    "status": "Осматривает",
    "zone": "Yellow zone"
  },
  {
    "person_id": 4,
    "filename": "ремонты.mp4",
    "video_link": "s3://MyDrive/Hackatons/ai_mirea/ремонты.mp4",
    "video_id": "video_01",
    "start_sec": 100.0,
    "end_sec": 110.0,
    "start_dt": "2022-03-20 04:38:44",
    "end_dt": "2022-03-20 04:38:54",
    "status": "Осматривает",
    "zone": "Yellow zone"
  },
  {
    "person_id": 4,
    "filename": "ремонты.mp4",
    "video_link": "s3://MyDrive/Hackatons/ai_mirea/ремонты.mp4",
    "video_id": "video_01",
    "start_sec": 111.0,
    "end_sec": 115.0,
    "start_dt": "2022-03-20 04:38:55",
    "end_dt": "2022-03-20 04:38:59",
    "status": "Идет",
    "zone": null
  },
  {
    "person_id": 4,
    "filename": "ремонты.mp4",
    "video_link": "s3://MyDrive/Hackatons/ai_mirea/ремонты.mp4",
    "video_id": "video_01",
    "start_sec": 116.0,
    "end_sec": 117.0,
    "start_dt": "2022-03-20 04:39:00",
    "end_dt": "2022-03-20 04:39:01",
    "status": "Стоит",
    "zone": null
  },
  {
    "person_id": 4,
    "filename": "ремонты.mp4",
    "video_link": "s3://MyDrive/Hackatons/ai_mirea/ремонты.mp4",
    "video_id": "video_01",
    "start_sec": 100.0,
    "end_sec": 110.0,
    "start_dt": "2022-03-20 04:38:44",
    "end_dt": "2022-03-20 04:38:54",
    "status": "Осматривает",
    "zone": "Yellow zone"
  },
  {
    "person_id": 4,
    "filename": "ремонты.mp4",
    "video_link": "s3://MyDrive/Hackatons/ai_mirea/ремонты.mp4",
    "video_id": "video_01",
    "start_sec": 111.0,
    "end_sec": 115.0,
    "start_dt": "2022-03-20 04:38:55",
    "end_dt": "2022-03-20 04:38:59",
    "status": "Идет",
    "zone": null
  },
  {
    "person_id": 4,
    "filename": "ремонты.mp4",
    "video_link": "s3://MyDrive/Hackatons/ai_mirea/ремонты.mp4",
    "video_id": "video_01",
    "start_sec": 116.0,
    "end_sec": 117.0,
    "start_dt": "2022-03-20 04:39:00",
    "end_dt": "2022-03-20 04:39:01",
    "status": "Стоит",
    "zone": null
  },
  {
    "person_id": 5,
    "filename": "ремонты.mp4",
    "video_link": "s3://MyDrive/Hackatons/ai_mirea/ремонты.mp4",
    "video_id": "video_01",
    "start_sec": 100.0,
    "end_sec": 101.0,
    "start_dt": "2022-03-20 04:38:44",
    "end_dt": "2022-03-20 04:38:45",
    "status": "Осматривает",
    "zone": "Yellow zone"
  },
  {
    "person_id": 6,
    "filename": "ремонты.mp4",
    "video_link": "s3://MyDrive/Hackatons/ai_mirea/ремонты.mp4",
    "video_id": "video_01",
    "start_sec": 100.0,
    "end_sec": 100.0,
    "start_dt": "2022-03-20 04:38:44",
    "end_dt": "2022-03-20 04:38:44",
    "status": "Осматривает",
    "zone": "Yellow zone"
  },
  {
    "person_id": 7,
    "filename": "ремонты.mp4",
    "video_link": "s3://MyDrive/Hackatons/ai_mirea/ремонты.mp4",
    "video_id": "video_01",
    "start_sec": 101.0,
    "end_sec": 101.0,
    "start_dt": "2022-03-20 04:38:45",
    "end_dt": "2022-03-20 04:38:45",
    "status": "Осматривает",
    "zone": "Yellow zone"
  },
  {
    "person_id": 8,
    "filename": "ремонты.mp4",
    "video_link": "s3://MyDrive/Hackatons/ai_mirea/ремонты.mp4",
    "video_id": "video_01",
    "start_sec": 104.0,
    "end_sec": 104.0,
    "start_dt": "2022-03-20 04:38:48",
    "end_dt": "2022-03-20 04:38:48",
    "status": "Осматривает",
    "zone": "Yellow zone"
  },
  {
    "person_id": 9,
    "filename": "ремонты.mp4",
    "video_link": "s3://MyDrive/Hackatons/ai_mirea/ремонты.mp4",
    "video_id": "video_01",
    "start_sec": 112.0,
    "end_sec": 112.0,
    "start_dt": "2022-03-20 04:38:56",
    "end_dt": "2022-03-20 04:38:56",
    "status": "Осматривает",
    "zone": "Yellow zone"
  }
]