[
  {
    "train_id": 2,
    "filename": "ремонты.mp4",
    "video_link": "s3://MyDrive/Hackatons/ai_mirea/ремонты.mp4",
    "video_id": "video_01",
    "arrival_sec": 30.0,
    "arrival_dt": "2022-03-20 04:37:34",
    "stop_start_sec": 40.0,
    "stop_start_dt": "2022-03-20 04:37:44",
    "stop_end_sec": 85.0,
    "stop_end_dt": "2022-03-20 04:38:29",
    "departure_sec": null,
    "departure_dt": null,
    "stopped": true,
    "номер": "076 Z004"
  },
  {
    "train_id": 3,
    "filename": "ремонты.mp4",
    "video_link": "s3://MyDrive/Hackatons/ai_mirea/ремонты.mp4",
    "video_id": "video_01",
    "arrival_sec": 86.0,
    "arrival_dt": "2022-03-20 04:38:30",
    "stop_start_sec": null,
    "stop_start_dt": null,
    "stop_end_sec": null,
    "stop_end_dt": null,
    "departure_sec": 99.0,
    "departure_dt": "2022-03-20 04:38:43",
    "stopped": false,
    "номер": null
  },
  {
    "train_id": 10,
    "filename": "ремонты.mp4",
    "video_link": "s3://MyDrive/Hackatons/ai_mirea/ремонты.mp4",
    "video_id": "video_01",
    "arrival_sec": 30.0,
    "arrival_dt": "2022-03-20 04:37:34",
    "stop_start_sec": 40.0,
    "stop_start_dt": "2022-03-20 04:37:44",
    "stop_end_sec": 82.0,
    "stop_end_dt": "2022-03-20 04:38:26",
    "departure_sec": null,
    "departure_dt": null,
    "stopped": true,
    "номер": "076 Z004"
  },
  {
    "train_id": 11,
    "filename": "ремонты.mp4",
    "video_link": "s3://MyDrive/Hackatons/ai_mirea/ремонты.mp4",
    "video_id": "video_01",
    "arrival_sec": 86.0,
    "arrival_dt": "2022-03-20 04:38:30",
    "stop_start_sec": null,
    "stop_start_dt": null,
    "stop_end_sec": null,
    "stop_end_dt": null,
    "departure_sec": 99.0,
    "departure_dt": "2022-03-20 04:38:43",
    "stopped": false,
    "номер": null
  }
]